<?xml version="1.0" encoding="utf-8"?>
<TEI xmlns="http://www.tei-c.org/ns/1.0" xmlns:hal="http://hal.archives-ouvertes.fr/">
    <text>
        <body>
            <listBibl>
                <biblFull>
                    <titleStmt>
                        <title xml:lang="en">Do we really understand quantum mechanics?</title>
                        <author role="rsp">
                            <persName>
                                <forename type="first">Franck</forename>
                                <surname>Laloë</surname>
                            </persName>
                            <email>laloe@lkb.ens.fr</email>
                            <ptr type="url" target="http://lkb.cnrs.fr"/>
                            <affiliation ref="#struct-1"></affiliation>
                        </author>
                    </titleStmt>
                    <editionStmt>
                        <edition>
                            <ref type="src" target="paper.zip" subtype="author" n="1"/>
                        </edition>
                    </editionStmt>
                    <seriesStmt>
                        <idno type="stamp" n="LKB"/>
                    </seriesStmt>
                    <notesStmt>
                        <note type="commentary">texte soumis un an après sa parution; quelques erreurs de détail corrigées</note>
                        <note type="audience" n="2"/>
                        <note type="popular" n="0"/>
                        <note type="peer" n="1"/>
                    </notesStmt>
                    <sourceDesc>
                        <biblStruct>
                            <analytic>
                                <title xml:lang="en">Do we really understand quantum mechanics?</title>
                                <author role="rsp">
                                    <persName>
                                    <forename type="first">Franck</forename>
                                    <surname>Laloë</surname>
                                    </persName>
                                    <email>laloe@lkb.ens.fr</email>
                                    <affiliation ref="#struct-1"></affiliation>
                                </author>
                            </analytic>
                            <monogr>
                                <idno type="localRef">LKB-FLQ</idno>
                                <idno type="halJournalId">2872</idno>
                                <imprint>
                                    <biblScope unit="volume">69</biblScope>
                                    <biblScope unit="pp">655 - 701</biblScope>
                                    <date type="datePub">2001</date>
                                </imprint>
                            </monogr>
                        </biblStruct>
                    </sourceDesc>
                    <profileDesc>
                        <langUsage>
                            <language ident="en"></language>
                        </langUsage>
                        <textClass>
                            <keywords scheme="author">
                                <term xml:lang="en">foundations of quantum mechanics</term>
                                <term xml:lang="en">quantum measurement</term>
                                <term xml:lang="en">Bell theorem</term>
                                <term xml:lang="en">GHZ theorem</term>
                                <term xml:lang="en">alternative theories</term>
                            </keywords>
                            <classCode scheme="classification">03.65.Ta, 03.65.ud, 03.67.a</classCode>
                            <classCode scheme="halDomain" n="phys.qphy"/>
                            <classCode scheme="halDomain" n="shs.hisphilso"/>
                            <classCode scheme="halTypology" n="ART"></classCode>
                        </textClass>
                        <abstract xml:lang="en">This article presents a general discussion of several aspects of our present understanding of quantum mechanics. The emphasis is put on the very special correlations that this theory makes possible: they are forbidden by very general arguments based on realism and local causality. In fact, these correlations are completely impossible in any circumstance, except the very special situations designed by physicists especially to observe these purely quantum effects. Another general point that is emphasized is the necessity for the theory to predict the emergence of a single result in a single realization of an experiment. For this purpose, orthodox quantum mechanics introduces a special postulate: the reduction of the state vector, which comes in addition to the Schrödinger evolution postulate. Nevertheless, the presence in parallel of two evolution processes of the same object (the state vector) maybe a potential source for conflicts; various attitudes that are possible to avoid this problem are discussed in this text. After a brief historical introduction, recalling how the very special status of the state vector has emerged in quantum mechanics, various conceptual difficulties are introduced and discussed. The Einstein Podolsky Rosen (EPR) theorem is presented with the help of a botanical parable, in a way that emphasizes how deeply the EPR reasoning is rooted into what is often called "scientific method''. In another section the GHZ argument, the Hardy impossibilities, as well as the BKS theorem are introduced in simple terms.</abstract>
                    </profileDesc>
                </biblFull>
            </listBibl>
        </body>
        <back>
            <listOrg type="structures">
                <org type="laboratory" xml:id="struct-1"/>
            </listOrg>
        </back>
    </text>
</TEI>